"type","value","source"
"hash_sha256","00C953A678C1AA115DBE344AF18C2704E23B11E6C6968C46127DD3433EA73BF2","public"
"hash_sha256","029A5405BBB6E065C8422ECC0DEA42BB2689781D03EF524D9374365EBB0542F9","public"
"hash_sha256","039F82E92C592F8C39B9314EAC1B2D4475209A240A7AD052B730F9BA0849A54A","public"
"hash_sha256","2B74674587A65CFC9C2C47865CA8128B4F7E47142BD4F53ED6F3CB5CF37F7A6B","public"
"hash_sha256","397EE604EB5E20905605C9418838AADCCBBBFE6A15FC9146442333CFC1516273","public"
"hash_sha256","3AEE8AD1A30D09D7E40748FA36CD9F9429E698C28E2A1C3BCF88A062155EEE8C","public"
"hash_sha256","6E4119FE4C8CF837DAC27E2948CE74DC7AF3B9D4E1E4B28D22C4CF039E18B993","public"
"hash_sha256","72633DDB45BFFF1ABEBA3FC215077BA010AE233F8D0CEFF88F7AC29C1C594ADA","public"
"hash_sha256","7765E5E0A7622FF69BD2CEE0A75F2AAE05643179B4DD333D0E75F98A42894065","public"
"hash_sha256","7881A60EE0AD02130F447822D89E09352B084F596EC43EAD78B51E331175450F","public"
"hash_sha256","7A8250904E6F079E1A952B87E55DC87E467CC560A2694A142F2D6547AC40D5E1","public"
"hash_sha256","816BF9EF902251E7DE73D57C4BF19A4DE00311414A3E317472074EF05AB3D565","public"
"hash_sha256","82B73222629CE27531F57BAE6800831A169DFF71849E1D7E790D9BD9EB6E9EE7","public"
"hash_sha256","8ED8880F40A114F58425E0A806B7D35D96AA18B2BE83DEDE63EFF0644FD7937D","public"
"hash_sha256","966108CF5F3E503672D90BCA3DF609F603BB023F1C51C14D06CC99D2CE40790C","public"
"hash_sha256","9C5920FA25239C0F116CE7818949DDCE5FD2F31531786371541CCB4886C5AEB2","public"
"hash_sha256","BA5305E944D84874BDE603BF38008675503244DC09071D19C8C22DED9D4F6DB4","public"
"hash_sha256","CD78A77D40682311FD30D74462FB3E614CBC4EA79C3C0894BA856A01557FD7C0","public"
"hash_sha256","D110059F5534360E58FF5F420851EB527C556BADB8E5DB87DDF52A42C1F1FE76","public"
"hash_sha256","D81CC9380673CB36A30F2A84EF155B0CBC7958DAA6870096E455044FBA5F9EE8","public"
"hash_sha256","EAD6B1F0ADD059261AC56E9453131184BC0AE2869F983B6A41A1ABB167EDF151","public"
"hash_sha256","F2A068164ED7B173F17ABE52AD95C53BCCF3BB9966D75027D1E8960F7E0D43AC","public"
"hash_sha256","FE8B1B5B0CA9E7A95B33D3FCCED833C1852C5A16662F71DDEA41A97181532B14","public"
"domain","apposx.com","public"
"domain","asmicareer.com","public"
"domain","cryptoinfnews.com","public"
"domain","cryptoinfo-allnews.com","public"
"domain","cryptoinfo-news.com","public"
"domain","emailreddit.com","public"
"domain","financementure.com","public"
"domain","macosapp-apple.com","public"
"domain","macosxappstore.com","public"
"domain","sharanilodge.com","public"
"domain","watchlist-verizon.com","public"
